Title,One Source path,Saved PDF (relative)
AAMVA Helpdesk - Vehicle,AAMVA_Helpdesk/AAMVA_Helpdesk_Vehicle.htm,AAMVA_Helpdesk\AAMVA_Helpdesk_Vehicle.pdf
Daily Quality Assurance Process: ATP Self QC,ATP_Audits/ATP_Self_QC.htm,ATP_Audits\ATP_Self_QC.pdf
Auditing Bond Title Application,ATP_Audits/Auditing_Bond_Title_Application.htm,ATP_Audits\Auditing_Bond_Title_Application.pdf
Auditing Title & Registration Ownership Documents,ATP_Audits/Auditing_Title_&_Registration_Ownership_Documents.htm,ATP_Audits\Auditing_Title_&_Registration_Ownership_Documents.pdf
Auditing a Credential Application,ATP_Audits/Auditing_a_Credential_Application.htm,ATP_Audits\Auditing_a_Credential_Application.pdf
Auditing an ARO,ATP_Audits/Auditing_an_ARO.htm,ATP_Audits\Auditing_an_ARO.pdf
Auditing an OHV Decal,ATP_Audits/Auditing_an_OHV_Decal.htm,ATP_Audits\Auditing_an_OHV_Decal.pdf
Contact Information,ATP_Content_ONLY/ATP_LandingPage.htm,ATP_Content_ONLY\ATP_LandingPage.pdf
ATP Company Details,ATP_Content_ONLY/ATP_Mgmt/0_ATP_Company.htm,ATP_Content_ONLY\ATP_Mgmt\0_ATP_Company.pdf
Summary Tab,ATP_Content_ONLY/ATP_Mgmt/1_SummaryTab.htm,ATP_Content_ONLY\ATP_Mgmt\1_SummaryTab.pdf
Contacts Tab,ATP_Content_ONLY/ATP_Mgmt/2_ContactsTab.htm,ATP_Content_ONLY\ATP_Mgmt\2_ContactsTab.pdf
Locations Tab,ATP_Content_ONLY/ATP_Mgmt/3_LocationsTab.htm,ATP_Content_ONLY\ATP_Mgmt\3_LocationsTab.pdf
Employees Tab,ATP_Content_ONLY/ATP_Mgmt/4_EmployeesTab.htm,ATP_Content_ONLY\ATP_Mgmt\4_EmployeesTab.pdf
Bonds/Insurance Tab,ATP_Content_ONLY/ATP_Mgmt/5_Bonds-InsTab.htm,ATP_Content_ONLY\ATP_Mgmt\5_Bonds-InsTab.pdf
Agreements Tab,ATP_Content_ONLY/ATP_Mgmt/6_AgreementsTab.htm,ATP_Content_ONLY\ATP_Mgmt\6_AgreementsTab.pdf
Inspections Tab,ATP_Content_ONLY/ATP_Mgmt/7_InspectionsTab.htm,ATP_Content_ONLY\ATP_Mgmt\7_InspectionsTab.pdf
Documents Tab,ATP_Content_ONLY/ATP_Mgmt/8_DocumentsTab.htm,ATP_Content_ONLY\ATP_Mgmt\8_DocumentsTab.pdf
Notes Tab,ATP_Content_ONLY/ATP_Mgmt/9_NotesTab.htm,ATP_Content_ONLY\ATP_Mgmt\9_NotesTab.pdf
Case Management,ATP_Content_ONLY/ATP_Mgmt/ATP_0_CaseMgmtLandingpg.htm,ATP_Content_ONLY\ATP_Mgmt\ATP_0_CaseMgmtLandingpg.pdf
Create Branch Closure Application,ATP_Content_ONLY/ATP_Mgmt/ATP_Case_Mgmt-BranchClosureApp.htm,ATP_Content_ONLY\ATP_Mgmt\ATP_Case_Mgmt-BranchClosureApp.pdf
Create Branch Relocation Application,ATP_Content_ONLY/ATP_Mgmt/ATP_Case_Mgmt-BranchRelocationApp.htm,ATP_Content_ONLY\ATP_Mgmt\ATP_Case_Mgmt-BranchRelocationApp.pdf
Create New ATP Application,ATP_Content_ONLY/ATP_Mgmt/ATP_Case_Mgmt-NewATPApp.htm,ATP_Content_ONLY\ATP_Mgmt\ATP_Case_Mgmt-NewATPApp.pdf
Create New Location Application,ATP_Content_ONLY/ATP_Mgmt/ATP_Case_Mgmt-New_Branch_App.htm,ATP_Content_ONLY\ATP_Mgmt\ATP_Case_Mgmt-New_Branch_App.pdf
Create New Employee Application,ATP_Content_ONLY/ATP_Mgmt/ATP_Case_Mgmt-New_Employee_App.htm,ATP_Content_ONLY\ATP_Mgmt\ATP_Case_Mgmt-New_Employee_App.pdf
Create New Services Application,ATP_Content_ONLY/ATP_Mgmt/ATP_Case_Mgmt-New_Services_App.htm,ATP_Content_ONLY\ATP_Mgmt\ATP_Case_Mgmt-New_Services_App.pdf
ATP Management,ATP_Content_ONLY/ATP_Mgmt/ATP_MgmtLandingPg.htm,ATP_Content_ONLY\ATP_Mgmt\ATP_MgmtLandingPg.pdf
Search Case,ATP_Content_ONLY/ATP_Mgmt/Search_Case.htm,ATP_Content_ONLY\ATP_Mgmt\Search_Case.pdf
Submitting a Refund Request,ATP_Content_ONLY/Submitting_a_Refund_Request.htm,ATP_Content_ONLY\Submitting_a_Refund_Request.pdf
Arizona ID in Apple Wallet,AZ_MVD_Now/AZ_ID_in_Apple_Wallet.htm,AZ_MVD_Now\AZ_ID_in_Apple_Wallet.pdf
Arizona ID in Mobile Wallets,AZ_MVD_Now/AZ_ID_in_Mobile_Wallets.htm,AZ_MVD_Now\AZ_ID_in_Mobile_Wallets.pdf
AZ ID in Samsung Wallet - Support Information,AZ_MVD_Now/AZ_ID_in_Samsung_Wallet_Support_Info.htm,AZ_MVD_Now\AZ_ID_in_Samsung_Wallet_Support_Info.pdf
Your Arizona ID in Apple Wallet - FAQs,AZ_MVD_Now/AZ_Identification_in_Apple_Wallet - FAQ.htm,AZ_MVD_Now\AZ_Identification_in_Apple_Wallet - FAQ.pdf
Your Arizona ID in Google Wallet - FAQs,AZ_MVD_Now/AZ_Identification_in_Google_Wallet - FAQ.htm,AZ_MVD_Now\AZ_Identification_in_Google_Wallet - FAQ.pdf
Your Arizona ID in Samsung Wallet - FAQs,AZ_MVD_Now/AZ_Identification_in_Samsung_Wallet - FAQ.htm,AZ_MVD_Now\AZ_Identification_in_Samsung_Wallet - FAQ.pdf
AZ MVD Now Overview,AZ_MVD_Now/AZ_MVD_Now_Overview.htm,AZ_MVD_Now\AZ_MVD_Now_Overview.pdf
Assisted Self-Service Invitations (ASI),AZ_MVD_Now/Assisted_Self-Service.htm,AZ_MVD_Now\Assisted_Self-Service.pdf
Basic Troubleshooting for AZ MVD Now,AZ_MVD_Now/Basic_Troubleshooting.htm,AZ_MVD_Now\Basic_Troubleshooting.pdf
Driver License Application in AZ MVD Now,AZ_MVD_Now/Credential_Application_AZMVDNow.htm,AZ_MVD_Now\Credential_Application_AZMVDNow.pdf
Customer Documents,AZ_MVD_Now/Customer_Documents.htm,AZ_MVD_Now\Customer_Documents.pdf
Customers Signing Up for AZ MVD Now - Individual Login,AZ_MVD_Now/Customers_Signing_Up_for_AMN.htm,AZ_MVD_Now\Customers_Signing_Up_for_AMN.pdf
Disable or Restrict AZ MVD Now Access,AZ_MVD_Now/Disable_Restrict_AZ_MVD_Now_Acct.htm,AZ_MVD_Now\Disable_Restrict_AZ_MVD_Now_Acct.pdf
Edit a Prepaid Voucher,AZ_MVD_Now/Edit_a_Prepaid_Voucher.htm,AZ_MVD_Now\Edit_a_Prepaid_Voucher.pdf
Fund Customer Account Via AZ MVD Now,AZ_MVD_Now/Fund_Customer_Acct_via_AZMVDNow.htm,AZ_MVD_Now\Fund_Customer_Acct_via_AZMVDNow.pdf
Link Customer to AZ MVD Now User,AZ_MVD_Now/Link_Customer_to_AZMVDNow.htm,AZ_MVD_Now\Link_Customer_to_AZMVDNow.pdf
Manage Customer Account,AZ_MVD_Now/Manage_Customer_Account.htm,AZ_MVD_Now\Manage_Customer_Account.pdf
Manage Prepaid Vouchers,AZ_MVD_Now/Manage_Prepaid_ Vouchers.htm,AZ_MVD_Now\Manage_Prepaid_ Vouchers.pdf
Managing AZ MVD Now Logins for Organizations,AZ_MVD_Now/Managing_AZ_MVD_Now_Logins_for_Organizations.htm,AZ_MVD_Now\Managing_AZ_MVD_Now_Logins_for_Organizations.pdf
Mobile ID,AZ_MVD_Now/Mobile_ID.htm,AZ_MVD_Now\Mobile_ID.pdf
Permit Test @ Home,AZ_MVD_Now/Permit_Test_@_Home.htm,AZ_MVD_Now\Permit_Test_@_Home.pdf
Prepaid Voucher,AZ_MVD_Now/Prepaid_Voucher.htm,AZ_MVD_Now\Prepaid_Voucher.pdf
Request Customer Disbursement,AZ_MVD_Now/Request_Customer_Disbursement.htm,AZ_MVD_Now\Request_Customer_Disbursement.pdf
Title Viewer,AZ_MVD_Now/Title_Viewer.htm,AZ_MVD_Now\Title_Viewer.pdf
Voter Registration,AZ_MVD_Now/VoterRegistration.htm,AZ_MVD_Now\VoterRegistration.pdf
eTitle Transfer,AZ_MVD_Now/eTitle_Transfer-Step_by_Step.htm,AZ_MVD_Now\eTitle_Transfer-Step_by_Step.pdf
AZ Wallet - Android (Google and Samsung) Information and FAQ,AZ_Wallet/AZWallet_Android_FAQs.htm,AZ_Wallet\AZWallet_Android_FAQs.pdf
AZ Wallet - iOS (Apple) Information and FAQ,AZ_Wallet/AZWallet_iOS_FAQ.htm,AZ_Wallet\AZWallet_iOS_FAQ.pdf
AZ Wallet,AZ_Wallet/AZ_Wallet.htm,AZ_Wallet\AZ_Wallet.pdf
Arizona Wallet Application,AZ_Wallet/Wallet_Overview.htm,AZ_Wallet\Wallet_Overview.pdf
Fleet Expiration Reset,Admin_Features/FleetExpireReset.htm,Admin_Features\FleetExpireReset.pdf
NMVTIS Brand Codes,Admin_Features/NMVTIS_Brand_Codes.htm,Admin_Features\NMVTIS_Brand_Codes.pdf
Receipt Search,Admin_Features/Receipt_Search.htm,Admin_Features\Receipt_Search.pdf
Service History Lookup,Admin_Features/Service_History_Lookup.htm,Admin_Features\Service_History_Lookup.pdf
Accounting Process,Cash Management/Accounting_Process.htm,Cash Management\Accounting_Process.pdf
Balance Cash Drawer,Cash Management/Balance_Cash_Drawer.htm,Cash Management\Balance_Cash_Drawer.pdf
Balance Vault,Cash Management/Balance_Vault.htm,Cash Management\Balance_Vault.pdf
Cash Balancing Scenarios,Cash Management/Cash_Balancing_Scenarios.htm,Cash Management\Cash_Balancing_Scenarios.pdf
Cash Pickup,Cash Management/Cash_Pick_Up.htm,Cash Management\Cash_Pick_Up.pdf
Daily Accounting Flow,Cash Management/Daily_Accounting_Flow.htm,Cash Management\Daily_Accounting_Flow.pdf
End of Day Closing,Cash Management/End_of_Day_Closing.htm,Cash Management\End_of_Day_Closing.pdf
Issue Cash Drawers,Cash Management/Issue_Cash_Drawers.htm,Cash Management\Issue_Cash_Drawers.pdf
Point of Sale (POS) Device Management,Cash Management/POS_Device_Mgmt.htm,Cash Management\POS_Device_Mgmt.pdf
Payment Processing,Cash Management/Payment_Processing.htm,Cash Management\Payment_Processing.pdf
Refund Eligibility Scenarios,Cash Management/Refund_Eligibility_Scenarios.htm,Cash Management\Refund_Eligibility_Scenarios.pdf
Temp Vault Balance Workaround,Cash Management/Temp_Vault_Balance_Workaround.htm,Cash Management\Temp_Vault_Balance_Workaround.pdf
American Sign Language (ASL) Interpreter Request,Communicating_with_Customers/American_Sign_Language_Interpreter_Request.htm,Communicating_with_Customers\American_Sign_Language_Interpreter_Request.pdf
Advanced Search - Other,Cross_Functional/Advanced_Search_Other.htm,Cross_Functional\Advanced_Search_Other.pdf
Central Issuance and Mailing,Cross_Functional/Central_Issuance.htm,Cross_Functional\Central_Issuance.pdf
Check-In,Cross_Functional/Check_In.htm,Cross_Functional\Check_In.pdf
Dealer Inquiry,Cross_Functional/Dealer_Inquiry.htm,Cross_Functional\Dealer_Inquiry.pdf
Document Management,Cross_Functional/Document_Management.htm,Cross_Functional\Document_Management.pdf
Fund Customer Account,Cross_Functional/Fund_Account.htm,Cross_Functional\Fund_Account.pdf
Internal Office Notifications,Cross_Functional/Internal_Office_Notifications.htm,Cross_Functional\Internal_Office_Notifications.pdf
Miscellaneous Purchase,Cross_Functional/Miscellaneous_Purchase.htm,Cross_Functional\Miscellaneous_Purchase.pdf
Notes Management,Cross_Functional/Notes_Management.htm,Cross_Functional\Notes_Management.pdf
One Time Mailing Address,Cross_Functional/One_Time_Mailing_Address.htm,Cross_Functional\One_Time_Mailing_Address.pdf
Overrides/Escalation,Cross_Functional/Overrides-Escalations.htm,Cross_Functional\Overrides-Escalations.pdf
Locate and Print Documents and Service Artifacts,Cross_Functional/Printing_Service_Artifacts.htm,Cross_Functional\Printing_Service_Artifacts.pdf
Scanning In MAX,Cross_Functional/Scanning.htm,Cross_Functional\Scanning.pdf
Starting a Service,Cross_Functional/Starting_a_Service.htm,Cross_Functional\Starting_a_Service.pdf
Taxes & Fees,Cross_Functional/Taxes_Fees.htm,Cross_Functional\Taxes_Fees.pdf
Work In Progress,Cross_Functional/Work_In_Progress.htm,Cross_Functional\Work_In_Progress.pdf
eSignature,Cross_Functional/eSignature.htm,Cross_Functional\eSignature.pdf
Appointment Scheduling and Queuing (ASQ) for CSRs,Customer/ASQ for CSRs.htm,Customer\ASQ for CSRs.pdf
Appointment Scheduling and Queuing (ASQ) for Location Administrators,Customer/ASQ for Managers.htm,Customer\ASQ for Managers.pdf
Adding a Trust,Customer/Adding_A_Trust.htm,Customer\Adding_A_Trust.pdf
Adding a Customer (Individual or Organization),Customer/Adding_a_Customer.htm,Customer\Adding_a_Customer.pdf
Address Confidentiality Program (ACP),Customer/Address_Confidentiality_Program_(ACP).htm,Customer\Address_Confidentiality_Program_(ACP).pdf
Agent and Customer,Customer/Agent_and_Customer.htm,Customer\Agent_and_Customer.pdf
Certifications,Customer/Certifications.htm,Customer\Certifications.pdf
Characteristics,Customer/Characteristics.htm,Customer\Characteristics.pdf
Customer Record and Customer Account Overview,Customer/Customer_Record_Overview.htm,Customer\Customer_Record_Overview.pdf
Dashboard,Customer/Dashboard.htm,Customer\Dashboard.pdf
Editing a Customer Record (Individual or Organization),Customer/Editing_a_Customer.htm,Customer\Editing_a_Customer.pdf
Financial Receipt History,Customer/Financial_Receipt_History.htm,Customer\Financial_Receipt_History.pdf
Finding a Customer,Customer/Finding_a_Customer.htm,Customer\Finding_a_Customer.pdf
Law Enforcement (LECU) Redactions,Customer/Law_Enforcement_(LECU)_Redactions.htm,Customer\Law_Enforcement_(LECU)_Redactions.pdf
Logging Into MAX,Customer/Logging_Into_MAX.htm,Customer\Logging_Into_MAX.pdf
Navigating in MAX,Customer/Navigating_in_MAX.htm,Customer\Navigating_in_MAX.pdf
Orders of Protection or Injunction Against Harassment (OOP/IAH),Customer/Orders_of_Protection_or_Injuction_Against_Harassment_(OOP-IAH).htm,Customer\Orders_of_Protection_or_Injuction_Against_Harassment_(OOP-IAH).pdf
Request Customer Disbursement,Customer/Request_Customer_Disbursement.htm,Customer\Request_Customer_Disbursement.pdf
Service History,Customer/Service_History.htm,Customer\Service_History.pdf
Voter Registration - Standalone Service,Customer/Standalone_Voter_Registration.htm,Customer\Standalone_Voter_Registration.pdf
Transfer Customer Account,Customer/Transfer_Customer_Account.htm,Customer\Transfer_Customer_Account.pdf
Trusted Organization,Customer/Trusted_Organization.htm,Customer\Trusted_Organization.pdf
User Assistance,Customer/User_Assistance.htm,Customer\User_Assistance.pdf
Viewing Vehicle Information for a Customer,Customer/Viewing_Vehicle_Information_for_a_Customer.htm,Customer\Viewing_Vehicle_Information_for_a_Customer.pdf
12 Year Photo Update,Driver/Credential_Issuance/12_Year_Photo_Update.htm,Driver\Credential_Issuance\12_Year_Photo_Update.pdf
AAMVA Driver Messages and Codes,Driver/Credential_Issuance/AAMVA_Messages_and_Codes.htm,Driver\Credential_Issuance\AAMVA_Messages_and_Codes.pdf
AZ Privilege Status,Driver/Credential_Issuance/AZ_Privilege_Status.htm,Driver\Credential_Issuance\AZ_Privilege_Status.pdf
Acceptable Documentation for Non-Commercial Credentials,Driver/Credential_Issuance/Acceptable_Documentation_for_Credential.htm,Driver\Credential_Issuance\Acceptable_Documentation_for_Credential.pdf
Authorized Presence,Driver/Credential_Issuance/Authorized Presence/Authorized_Presence.htm,Driver\Credential_Issuance\Authorized Presence\Authorized_Presence.pdf
Foreign Authorized Presence,Driver/Credential_Issuance/Authorized Presence/Foreign.htm,Driver\Credential_Issuance\Authorized Presence\Foreign.pdf
U.S. Citizen - Nonforeign Authorized Presence,Driver/Credential_Issuance/Authorized Presence/U.S._Citizen-Nonforeign.htm,Driver\Credential_Issuance\Authorized Presence\U.S._Citizen-Nonforeign.pdf
Cancel Credential - Voluntary,Driver/Credential_Issuance/Cancel_Credential.htm,Driver\Credential_Issuance\Cancel_Credential.pdf
CDL Downgrades,Driver/Credential_Issuance/Commercial_Driver_License/CDL_Downgrades.htm,Driver\Credential_Issuance\Commercial_Driver_License\CDL_Downgrades.pdf
Duplicate Commercial Learner Permit or Commercial Driver License,Driver/Credential_Issuance/Commercial_Driver_License/CDL_Duplicate.htm,Driver\Credential_Issuance\Commercial_Driver_License\CDL_Duplicate.pdf
CDL Entry Level Driver Training,Driver/Credential_Issuance/Commercial_Driver_License/CDL_Entry_Level_Driver_Training.htm,Driver\Credential_Issuance\Commercial_Driver_License\CDL_Entry_Level_Driver_Training.pdf
Renewal Commercial Learner Permit (CLP) and Commercial Driver License (CDL),Driver/Credential_Issuance/Commercial_Driver_License/CDL_Renewal.htm,Driver\Credential_Issuance\Commercial_Driver_License\CDL_Renewal.pdf
Commercial Driver License Restrictions,Driver/Credential_Issuance/Commercial_Driver_License/CDL_Restrictions.htm,Driver\Credential_Issuance\Commercial_Driver_License\CDL_Restrictions.pdf
Commercial Driver License Vision Standards,Driver/Credential_Issuance/Commercial_Driver_License/CDL_Vision_Standards.htm,Driver\Credential_Issuance\Commercial_Driver_License\CDL_Vision_Standards.pdf
Commercial Driver License (CDL) Endorsements,Driver/Credential_Issuance/Commercial_Driver_License/Commercial_Driver_Endorsements.htm,Driver\Credential_Issuance\Commercial_Driver_License\Commercial_Driver_Endorsements.pdf
Commercial Driver License Charts,Driver/Credential_Issuance/Commercial_Driver_License/Commercial_Driver_License_Landing_Page.htm,Driver\Credential_Issuance\Commercial_Driver_License\Commercial_Driver_License_Landing_Page.pdf
Commercial Knowledge Test,Driver/Credential_Issuance/Commercial_Driver_License/Commercial_Knowledge_Test.htm,Driver\Credential_Issuance\Commercial_Driver_License\Commercial_Knowledge_Test.pdf
Commercial Medical Requirements,Driver/Credential_Issuance/Commercial_Driver_License/Commercial_Medical_Requirements.htm,Driver\Credential_Issuance\Commercial_Driver_License\Commercial_Medical_Requirements.pdf
Commercial Skills Test,Driver/Credential_Issuance/Commercial_Driver_License/Commercial_Skill_Test.htm,Driver\Credential_Issuance\Commercial_Driver_License\Commercial_Skill_Test.pdf
Credential Issuance - CDL Scenarios,Driver/Credential_Issuance/Commercial_Driver_License/Credential_Issuance_CDL_Scenarios.htm,Driver\Credential_Issuance\Commercial_Driver_License\Credential_Issuance_CDL_Scenarios.pdf
Correct Credential,Driver/Credential_Issuance/Correct_Credential.htm,Driver\Credential_Issuance\Correct_Credential.pdf
Credential Adjustments,Driver/Credential_Issuance/Credential_Adjustments.htm,Driver\Credential_Issuance\Credential_Adjustments.pdf
Commercial Credential,Driver/Credential_Issuance/Credential_Commercial.htm,Driver\Credential_Issuance\Credential_Commercial.pdf
Credential Duplicate,Driver/Credential_Issuance/Credential_Duplicate.htm,Driver\Credential_Issuance\Credential_Duplicate.pdf
Credential Endorsements,Driver/Credential_Issuance/Credential_Endorsements.htm,Driver\Credential_Issuance\Credential_Endorsements.pdf
Credential Issuance - CDL Scenarios,Driver/Credential_Issuance/Credential_Issuance_CDL_Scenarios.htm,Driver\Credential_Issuance\Credential_Issuance_CDL_Scenarios.pdf
Credential Issuance Overview,Driver/Credential_Issuance/Credential_Issuance_Overview.htm,Driver\Credential_Issuance\Credential_Issuance_Overview.pdf
Credential Issuance Scenarios,Driver/Credential_Issuance/Credential_Issuance_Scenarios.htm,Driver\Credential_Issuance\Credential_Issuance_Scenarios.pdf
Credential Questionnaire,Driver/Credential_Issuance/Credential_Questionnaire.htm,Driver\Credential_Issuance\Credential_Questionnaire.pdf
Credential Renewal,Driver/Credential_Issuance/Credential_Renewal.htm,Driver\Credential_Issuance\Credential_Renewal.pdf
Credential Restrictions,Driver/Credential_Issuance/Credential_Restrictions.htm,Driver\Credential_Issuance\Credential_Restrictions.pdf
Credential Types,Driver/Credential_Issuance/Credential_Types.htm,Driver\Credential_Issuance\Credential_Types.pdf
Department of Corrections Released Offender Identification or Affidavit of Identification,Driver/Credential_Issuance/Department_of_Corrections_ID_DL.htm,Driver\Credential_Issuance\Department_of_Corrections_ID_DL.pdf
"Extension, Temporary, or Restricted Credentials",Driver/Credential_Issuance/Extension_-_Temporary_-_Restricted_Credentials.htm,Driver\Credential_Issuance\Extension_-_Temporary_-_Restricted_Credentials.pdf
Identity and Eligibility Verification Interfaces,Driver/Credential_Issuance/Identity_and_Eligibility_Verification_Interfaces.htm,Driver\Credential_Issuance\Identity_and_Eligibility_Verification_Interfaces.pdf
Medical Screening Overview,Driver/Credential_Issuance/Medical_Screening_Overview.htm,Driver\Credential_Issuance\Medical_Screening_Overview.pdf
Name Change,Driver/Credential_Issuance/Name_Change.htm,Driver\Credential_Issuance\Name_Change.pdf
Hearing Impaired Road Test,Driver/Credential_Issuance/Non-Commercial Testing/Hearing_Impaired_Road_Test.htm,Driver\Credential_Issuance\Non-Commercial Testing\Hearing_Impaired_Road_Test.pdf
Knowledge Testing in MAX,Driver/Credential_Issuance/Non-Commercial Testing/Knowledge Testing in MAX - NEW.htm,Driver\Credential_Issuance\Non-Commercial Testing\Knowledge Testing in MAX - NEW.pdf
Medical Re-Exam Testing,Driver/Credential_Issuance/Non-Commercial Testing/Medical_Re-Exam_Testing.htm,Driver\Credential_Issuance\Non-Commercial Testing\Medical_Re-Exam_Testing.pdf
Motorcycle Knowledge Test,Driver/Credential_Issuance/Non-Commercial Testing/Motorcycle_Knowledge_Test.htm,Driver\Credential_Issuance\Non-Commercial Testing\Motorcycle_Knowledge_Test.pdf
Motorcycle Skill Test,Driver/Credential_Issuance/Non-Commercial Testing/Motorcycle_Skill_Test.htm,Driver\Credential_Issuance\Non-Commercial Testing\Motorcycle_Skill_Test.pdf
Non Commercial Operator Knowledge Test,Driver/Credential_Issuance/Non-Commercial Testing/Non_Commercial_Knowledge_Test.htm,Driver\Credential_Issuance\Non-Commercial Testing\Non_Commercial_Knowledge_Test.pdf
Non Commercial Skills Test,Driver/Credential_Issuance/Non-Commercial Testing/Non_Commercial_Skill_Test.htm,Driver\Credential_Issuance\Non-Commercial Testing\Non_Commercial_Skill_Test.pdf
Photo First Work Around,Driver/Credential_Issuance/Photo_First_Work_Around.htm,Driver\Credential_Issuance\Photo_First_Work_Around.pdf
Photo Management & Verification of Signatures,Driver/Credential_Issuance/Photo_Management.htm,Driver\Credential_Issuance\Photo_Management.pdf
Power of Attorney,Driver/Credential_Issuance/Power of Attorney.htm,Driver\Credential_Issuance\Power of Attorney.pdf
Process Application for Credential,Driver/Credential_Issuance/Process_Application_for_Credential.htm,Driver\Credential_Issuance\Process_Application_for_Credential.pdf
Processing Department of Child Safety (DCS) Credentials,Driver/Credential_Issuance/Processing_DCS_Credentials.htm,Driver\Credential_Issuance\Processing_DCS_Credentials.pdf
Reactivate Credential,Driver/Credential_Issuance/Reactivate Credential.htm,Driver\Credential_Issuance\Reactivate Credential.pdf
Satisfying Credential Requirements,Driver/Credential_Issuance/Satisfying_Credential_Requirements.htm,Driver\Credential_Issuance\Satisfying_Credential_Requirements.pdf
Sex Offender,Driver/Credential_Issuance/Sex_Offender.htm,Driver\Credential_Issuance\Sex_Offender.pdf
Skills Test Tablets,Driver/Credential_Issuance/SkillsTestTablets.htm,Driver\Credential_Issuance\SkillsTestTablets.pdf
Hazmat Security Threat Assessment (STA),Driver/Credential_Issuance/TSA_Hazmat.htm,Driver\Credential_Issuance\TSA_Hazmat.pdf
Process Travel ID (TID) Started On AZ MVD Now,Driver/Credential_Issuance/Travel ID (TID) via AZ MVD Now.htm,Driver\Credential_Issuance\Travel ID (TID) via AZ MVD Now.pdf
Vision Only Test,Driver/Credential_Issuance/Vision_Only_Test.htm,Driver\Credential_Issuance\Vision_Only_Test.pdf
Vision Screening,Driver/Credential_Issuance/Vision_Screening.htm,Driver\Credential_Issuance\Vision_Screening.pdf
AAMVA Helpdesk - Driver Functions in MAX,Driver/Event_Management/AAMVAHelpdesk-Driver.htm,Driver\Event_Management\AAMVAHelpdesk-Driver.pdf
Abandoned Vehicle Fees,Driver/Event_Management/Abandoned_Vehicle_Fees.htm,Driver\Event_Management\Abandoned_Vehicle_Fees.pdf
Adding an Incident,Driver/Event_Management/Adding_an_Incident.htm,Driver\Event_Management\Adding_an_Incident.pdf
Commercial Withdrawal Incidents,Driver/Event_Management/Commercial_Withdrawal_Incidents.htm,Driver\Event_Management\Commercial_Withdrawal_Incidents.pdf
Compliance Fees,Driver/Event_Management/Compliance_Fees.htm,Driver\Event_Management\Compliance_Fees.pdf
Compliance Management,Driver/Event_Management/Compliance_Management.htm,Driver\Event_Management\Compliance_Management.pdf
Compliance Within a Service,Driver/Event_Management/Compliance_Within_a_Service.htm,Driver\Event_Management\Compliance_Within_a_Service.pdf
Credential History,Driver/Event_Management/Credential_History.htm,Driver\Event_Management\Credential_History.pdf
Customer Pointer Management,Driver/Event_Management/CustPointerMgmt.htm,Driver\Event_Management\CustPointerMgmt.pdf
Disposition Codes & Incident/Withdrawal Statuses,Driver/Event_Management/Disposition_Codes_&_Statuses.htm,Driver\Event_Management\Disposition_Codes_&_Statuses.pdf
Driver MVR,Driver/Event_Management/Driver_MVR.htm,Driver\Event_Management\Driver_MVR.pdf
Driver Record,Driver/Event_Management/Driver_Record.htm,Driver\Event_Management\Driver_Record.pdf
Driver Reinstatement,Driver/Event_Management/Driver_Reinstatement.htm,Driver\Event_Management\Driver_Reinstatement.pdf
Driver Timeline,Driver/Event_Management/Driver_Timeline.htm,Driver\Event_Management\Driver_Timeline.pdf
Event History,Driver/Event_Management/Event_History.htm,Driver\Event_Management\Event_History.pdf
Event Management Overview,Driver/Event_Management/Event_Management_Overview.htm,Driver\Event_Management\Event_Management_Overview.pdf
Hearings and Summary Review Overview,Driver/Event_Management/Hearings_Overview.htm,Driver\Event_Management\Hearings_Overview.pdf
How to Link/Unlink Convictions to Withdrawals,Driver/Event_Management/How_to_Link_Unlink_Convictions to Withdrawals.htm,Driver\Event_Management\How_to_Link_Unlink_Convictions to Withdrawals.pdf
Incident Management,Driver/Event_Management/Incident_Management.htm,Driver\Event_Management\Incident_Management.pdf
Interlock Reinstatement and Issuance,Driver/Event_Management/Interlock_Issuance.htm,Driver\Event_Management\Interlock_Issuance.pdf
Certified Ignition Interlock Overview,Driver/Event_Management/Interlock_Overview.htm,Driver\Event_Management\Interlock_Overview.pdf
Manage Electronic DUI Rejections and Convictions,Driver/Event_Management/ManageE-RejectionsConvictions.htm,Driver\Event_Management\ManageE-RejectionsConvictions.pdf
NRVC Processing,Driver/Event_Management/NRVC_Processing.htm,Driver\Event_Management\NRVC_Processing.pdf
OOS Withdrawal Management,Driver/Event_Management/OOS_Withdrawal_Management.htm,Driver\Event_Management\OOS_Withdrawal_Management.pdf
Reinstatement Prioritization,Driver/Event_Management/Reinstatement_Prioritization.htm,Driver\Event_Management\Reinstatement_Prioritization.pdf
Reinstatement Scenarios,Driver/Event_Management/Reinstatement_Scenarios.htm,Driver\Event_Management\Reinstatement_Scenarios.pdf
Revocation,Driver/Event_Management/Revocation.htm,Driver\Event_Management\Revocation.pdf
Special Ignition Interlock Restricted Driver License (SIIRDL) Issuance,Driver/Event_Management/SIIRDL_Issuance.htm,Driver\Event_Management\SIIRDL_Issuance.pdf
Admin Per Se,Driver/Event_Management/Withdrawal Types and Descriptions/Admin_Per_Se.htm,Driver\Event_Management\Withdrawal Types and Descriptions\Admin_Per_Se.pdf
Child Support Arrearage,Driver/Event_Management/Withdrawal Types and Descriptions/Child_Support_Arrearage.htm,Driver\Event_Management\Withdrawal Types and Descriptions\Child_Support_Arrearage.pdf
Discretionary License Suspension,Driver/Event_Management/Withdrawal Types and Descriptions/Discretionary_License_Suspension.htm,Driver\Event_Management\Withdrawal Types and Descriptions\Discretionary_License_Suspension.pdf
Failure to Attend (FTA) Traffic Survival School (TSS),Driver/Event_Management/Withdrawal Types and Descriptions/FTA_TSS.htm,Driver\Event_Management\Withdrawal Types and Descriptions\FTA_TSS.pdf
Failure to Install a Certified Ignition Interlock Device,Driver/Event_Management/Withdrawal Types and Descriptions/Failure_to_Install_CIID.htm,Driver\Event_Management\Withdrawal Types and Descriptions\Failure_to_Install_CIID.pdf
False or Fraudulent Application,Driver/Event_Management/Withdrawal Types and Descriptions/False_or_Fraudulent_Application.htm,Driver\Event_Management\Withdrawal Types and Descriptions\False_or_Fraudulent_Application.pdf
Financial Responsibility,Driver/Event_Management/Withdrawal Types and Descriptions/Financial_Responsibility.htm,Driver\Event_Management\Withdrawal Types and Descriptions\Financial_Responsibility.pdf
Implied Consent,Driver/Event_Management/Withdrawal Types and Descriptions/Implied_Consent.htm,Driver\Event_Management\Withdrawal Types and Descriptions\Implied_Consent.pdf
Medical Reasons,Driver/Event_Management/Withdrawal Types and Descriptions/Medical_Reasons.htm,Driver\Event_Management\Withdrawal Types and Descriptions\Medical_Reasons.pdf
Minors and Juveniles,Driver/Event_Management/Withdrawal Types and Descriptions/Minors_and_Junveniles.htm,Driver\Event_Management\Withdrawal Types and Descriptions\Minors_and_Junveniles.pdf
Traffic Violations,Driver/Event_Management/Withdrawal Types and Descriptions/Traffic_Violations.htm,Driver\Event_Management\Withdrawal Types and Descriptions\Traffic_Violations.pdf
Underage Drinking,Driver/Event_Management/Withdrawal Types and Descriptions/Underage_Drinking.htm,Driver\Event_Management\Withdrawal Types and Descriptions\Underage_Drinking.pdf
Vehicle Immobilization or Impoundment,Driver/Event_Management/Withdrawal Types and Descriptions/Vehicle_Immobilization_or_Impoundment.htm,Driver\Event_Management\Withdrawal Types and Descriptions\Vehicle_Immobilization_or_Impoundment.pdf
Withdrawal Types and Descriptions,Driver/Event_Management/Withdrawal Types and Descriptions/Withdrawal_Types_&_Descriptions.htm,Driver\Event_Management\Withdrawal Types and Descriptions\Withdrawal_Types_&_Descriptions.pdf
Withdrawal Management,Driver/Event_Management/Withdrawal_Management.htm,Driver\Event_Management\Withdrawal_Management.pdf
Withdrawal Occurring During a Service,Driver/Event_Management/Withdrawal_Occurring_During_a_Service.htm,Driver\Event_Management\Withdrawal_Occurring_During_a_Service.pdf
Withdrawals Impacting T&R Services,Driver/Event_Management/Withdrawals_Impacting_T&R_Services.htm,Driver\Event_Management\Withdrawals_Impacting_T&R_Services.pdf
MAX Glossary,MAX_Glossary.htm,MAX_Glossary.pdf
Biometric Authentication Tools - On-Demand Authentication,Management/Biometrics.htm,Management\Biometrics.pdf
Create Work Task,Management/Create_Work_Task.htm,Management\Create_Work_Task.pdf
Credential Print Status Queue,Management/Credential_Print_Status_Queue.htm,Management\Credential_Print_Status_Queue.pdf
Credential Print Status Search,Management/Credential_Print_Status_Search.htm,Management\Credential_Print_Status_Search.pdf
Acceptable Methods of Payment,Misc._Business_Topics/Acceptable_Methods_of_Payment.htm,Misc._Business_Topics\Acceptable_Methods_of_Payment.pdf
FMS Collections,Misc._Business_Topics/FMS_Collections.htm,Misc._Business_Topics\FMS_Collections.pdf
Fraudulent Document Recognition (FDR) Reference,Misc._Business_Topics/Fraudulent_Document_Reference.htm,Misc._Business_Topics\Fraudulent_Document_Reference.pdf
Fraudulent_Documents_or_Identity,Misc._Business_Topics/Fraudulent_Documents_or_Identity.htm,Misc._Business_Topics\Fraudulent_Documents_or_Identity.pdf
Non-Sufficient Funds,Misc._Business_Topics/Non-Sufficient_Funds.htm,Misc._Business_Topics\Non-Sufficient_Funds.pdf
Reported Deceased,Misc._Business_Topics/Reported_Deceased.htm,Misc._Business_Topics\Reported_Deceased.pdf
Residency Requirements,Misc._Business_Topics/Residency_Requirements.htm,Misc._Business_Topics\Residency_Requirements.pdf
Verification_of_Signatures,Misc._Business_Topics/Verification_of_Signatures.htm,Misc._Business_Topics\Verification_of_Signatures.pdf
Window Tinting,Misc._Business_Topics/Window_Tinting.htm,Misc._Business_Topics\Window_Tinting.pdf
Accommodative Data and Mobile Home Snapshot,Mobile Homes/Accommodative Data.htm,Mobile Homes\Accommodative Data.pdf
Affixing and Un-Affixing a Mobile Home,Mobile Homes/Affixing_and_Un-Affixing_a_Mobile_Home.htm,Mobile Homes\Affixing_and_Un-Affixing_a_Mobile_Home.pdf
Delinquent Taxes,Mobile Homes/Delinquent_Taxes.htm,Mobile Homes\Delinquent_Taxes.pdf
Mobile Home Bonded Titles,Mobile Homes/MH_Bonded_Title.htm,Mobile Homes\MH_Bonded_Title.pdf
Mobile Home Motor Vehicle Records,Mobile Homes/MH_Motor_Vehicle_Record.htm,Mobile Homes\MH_Motor_Vehicle_Record.pdf
Mobile Home Title Transfers,Mobile Homes/MH_Title_Transfers.htm,Mobile Homes\MH_Title_Transfers.pdf
Mobile Home Brands,Mobile Homes/Mobile_Home_Brands.htm,Mobile Homes\Mobile_Home_Brands.pdf
Mobile Home Permits,Mobile Homes/Mobile_Home_Permits.htm,Mobile Homes\Mobile_Home_Permits.pdf
Mobile Homes & Travel Trailers,Mobile Homes/Mobile_Homes_&_Travel_Trailers.htm,Mobile Homes\Mobile_Homes_&_Travel_Trailers.pdf
Mobile Home Overview,Mobile Homes/Mobile_Homes_Overview.htm,Mobile Homes\Mobile_Homes_Overview.pdf
Motor Carrier Account Overview,MotorCarrier/Account Overview.htm,MotorCarrier\Account Overview.pdf
Add Vehicle(s) to IRP Fleet,MotorCarrier/Add Vehicles to IRP Fleet.htm,MotorCarrier\Add Vehicles to IRP Fleet.pdf
Cab Card Correction,MotorCarrier/Cab Card Correction.htm,MotorCarrier\Cab Card Correction.pdf
Create IFTA Account,MotorCarrier/Create IFTA Account.htm,MotorCarrier\Create IFTA Account.pdf
Create IRP Fleet,MotorCarrier/Create IRP Account.htm,MotorCarrier\Create IRP Account.pdf
Create Motor Carrier Account,MotorCarrier/Create MC Account.htm,MotorCarrier\Create MC Account.pdf
What Service to Use When,MotorCarrier/MC - What Service to Use When.htm,MotorCarrier\MC - What Service to Use When.pdf
Manage Motor Carrier Account,MotorCarrier/Manage MC Account.htm,MotorCarrier\Manage MC Account.pdf
Motor Carrier Correspondence,MotorCarrier/Motor Carrier Correspondence.htm,MotorCarrier\Motor Carrier Correspondence.pdf
Motor Carrier Basics,MotorCarrier/Motor_Carrier_Basics.htm,MotorCarrier\Motor_Carrier_Basics.pdf
Process Motor Carrier Supplement,MotorCarrier/Process MC Supplements.htm,MotorCarrier\Process MC Supplements.pdf
Search for Motor Carrier Account,MotorCarrier/Search for MC Account.htm,MotorCarrier\Search for MC Account.pdf
Getting Started With MAX,Navigation Home Pages/Getting_Started_with_MAX.htm,Navigation Home Pages\Getting_Started_with_MAX.pdf
Frequently Used:,Navigation Home Pages/MVD_Forms.htm,Navigation Home Pages\MVD_Forms.pdf
What's New in MVD One Source,Navigation Home Pages/What's_New.htm,Navigation Home Pages\What's_New.pdf
Dangerous Action or Accident During Road Test,Office_SW/Management/Accident_During_Road_Test.htm,Office_SW\Management\Accident_During_Road_Test.pdf
Accounting,Office_SW/Management/Accounting.htm,Office_SW\Management\Accounting.pdf
Contact Information,Office_SW/Management/Contact_Information.htm,Office_SW\Management\Contact_Information.pdf
Office Standard Work,Office_SW/Office_SW_Landing_Page.htm,Office_SW\Office_SW_Landing_Page.pdf
OneSourceHomePage,OneSourceHomePage.htm,OneSourceHomePage.pdf
Quality Check Management,QC_Mgmt/1-QC_Mgmt_Landingpage.htm,QC_Mgmt\1-QC_Mgmt_Landingpage.pdf
MVD: Error Resolution Queue,QC_Mgmt/Field/Error_Resolution_Q.htm,QC_Mgmt\Field\Error_Resolution_Q.pdf
MVD Offices: Quality Check Process,QC_Mgmt/Field/Field_LangingPg.htm,QC_Mgmt\Field\Field_LangingPg.pdf
Customer Details - Accommodative Data,Reports/Customer_Details-Accommodative_Data.htm,Reports\Customer_Details-Accommodative_Data.pdf
Customer Knowledge Exam Attempt Details Report,Reports/Customer_Knowledge_Exam_Attempt_Details.htm,Reports\Customer_Knowledge_Exam_Attempt_Details.pdf
Fee Adjustment Report,Reports/Fee_Adjustment_Report.htm,Reports\Fee_Adjustment_Report.pdf
History Reports,Reports/History_Reports.htm,Reports\History_Reports.pdf
MVD Compliance Required Report AKA Reinstatement Requirements Report,Reports/MVD_Compliance_Required_Report.htm,Reports\MVD_Compliance_Required_Report.pdf
MAX Reports Listing,Reports/MVM_Reports.htm,Reports\MVM_Reports.pdf
TnR Transactions with No Scanned Documents Reports,Reports/TnR_Transactions_with_No_Scanned_Documents.htm,Reports\TnR_Transactions_with_No_Scanned_Documents.pdf
Vehicle History Detail Report,Reports/Vehicle_History_Detail_Report.htm,Reports\Vehicle_History_Detail_Report.pdf
Vehicle Snapshot - Accommodative Data,Reports/Vehicle_Snapshot.htm,Reports\Vehicle_Snapshot.pdf
Common Issues In MAX,Support/MAX/Common_Issues_In_MAX.htm,Support\MAX\Common_Issues_In_MAX.pdf
MAX Known Issues,Support/MAX/MAX Known Issues.htm,Support\MAX\MAX Known Issues.pdf
Cancel TRP,TRPs/Cancel_TRP.htm,TRPs\Cancel_TRP.pdf
Processing TRPs & Registration Credits on Dealer Sales,TRPs/Registration_Credit_on_Dealer_Sales_(CSR).htm,TRPs\Registration_Credit_on_Dealer_Sales_(CSR).pdf
Recreate TRP,TRPs/TRP Recreate.htm,TRPs\TRP Recreate.pdf
Add Insurance,T_&_R/Mandatory_Insurance/Add_Insurance.htm,T_&_R\Mandatory_Insurance\Add_Insurance.pdf
Commercial Vehicle Insurance Requirements,T_&_R/Mandatory_Insurance/Commercial_Vehicle_Insurance_ Requirements.htm,T_&_R\Mandatory_Insurance\Commercial_Vehicle_Insurance_ Requirements.pdf
De-Insure,T_&_R/Mandatory_Insurance/De-Insure.htm,T_&_R\Mandatory_Insurance\De-Insure.pdf
Mandatory Insurance Actions,T_&_R/Mandatory_Insurance/Mandatory_Insurance_Actions.htm,T_&_R\Mandatory_Insurance\Mandatory_Insurance_Actions.pdf
Mandatory Insurance FAQs,T_&_R/Mandatory_Insurance/Mandatory_Insurance_FAQs.htm,T_&_R\Mandatory_Insurance\Mandatory_Insurance_FAQs.pdf
Non-Commercial Vehicle Insurance Requirements,T_&_R/Mandatory_Insurance/Non-Commercial_Vehicle_Insurance_Requirements.htm,T_&_R\Mandatory_Insurance\Non-Commercial_Vehicle_Insurance_Requirements.pdf
SR22,T_&_R/Mandatory_Insurance/SR22.htm,T_&_R\Mandatory_Insurance\SR22.pdf
Search Insurance Company,T_&_R/Mandatory_Insurance/Search_Insurance_Company.htm,T_&_R\Mandatory_Insurance\Search_Insurance_Company.pdf
Self Insurance,T_&_R/Mandatory_Insurance/Self_Insurance.htm,T_&_R\Mandatory_Insurance\Self_Insurance.pdf
Apportioned Registration,T_&_R/Motor_Carrier/Apportioned_Registration.htm,T_&_R\Motor_Carrier\Apportioned_Registration.pdf
Interstate Registration (Non-Resident),T_&_R/Motor_Carrier/Interstate_Registration_(Non-Resident).htm,T_&_R\Motor_Carrier\Interstate_Registration_(Non-Resident).pdf
3-Day Restricted Use Permit,T_&_R/Permits/3-Day_ Restricted_Use_Permit.htm,T_&_R\Permits\3-Day_ Restricted_Use_Permit.pdf
30-Day General Use Permit,T_&_R/Permits/30-Day_General_Use_Permit.htm,T_&_R\Permits\30-Day_General_Use_Permit.pdf
30-Day Non-Resident OHV Permit,T_&_R/Permits/30-Day_Non-Res_OHV.htm,T_&_R\Permits\30-Day_Non-Res_OHV.pdf
90-Day Non-Resident (Drive-Out) Permit,T_&_R/Permits/90-Day_Non-Resident_Permit.htm,T_&_R\Permits\90-Day_Non-Resident_Permit.pdf
90-Day Resident Registration,T_&_R/Permits/90-Day_Resident_Permit.htm,T_&_R\Permits\90-Day_Resident_Permit.pdf
Cancel Permit,T_&_R/Permits/Cancel_Permit.htm,T_&_R\Permits\Cancel_Permit.pdf
Duplicate Permit,T_&_R/Permits/Duplicate_Permit.htm,T_&_R\Permits\Duplicate_Permit.pdf
Homemade Vehicle Permit,T_&_R/Permits/Homemade_Vehicle_Permit.htm,T_&_R\Permits\Homemade_Vehicle_Permit.pdf
Oversize & Overweight Permits,T_&_R/Permits/Oversize_&_Overweight_Permits.htm,T_&_R\Permits\Oversize_&_Overweight_Permits.pdf
Temporary Registration Plate (TRP),T_&_R/Permits/Temporary_Registration_Plate_(TRP).htm,T_&_R\Permits\Temporary_Registration_Plate_(TRP).pdf
Cancel Disability Placard (Permanent or Temporary),T_&_R/Placards/Cancel_Disability_Placard_(Permanent_or_Temporary).htm,T_&_R\Placards\Cancel_Disability_Placard_(Permanent_or_Temporary).pdf
Disability - Deaf/ Hard of Hearing Plate & Placard FAQs,T_&_R/Placards/Disability_Plate_&_Placard_FAQs.htm,T_&_R\Placards\Disability_Plate_&_Placard_FAQs.pdf
Permanent Disability Placard,T_&_R/Placards/Permanent_Disability_Placard.htm,T_&_R\Placards\Permanent_Disability_Placard.pdf
Placards Overview,T_&_R/Placards/Placards_Overview.htm,T_&_R\Placards\Placards_Overview.pdf
Replace Disability Placard (Permanent or Temporary),T_&_R/Placards/Replace_Disability_Placard_(Permanent_or_Temporary).htm,T_&_R\Placards\Replace_Disability_Placard_(Permanent_or_Temporary).pdf
Temporary Disability Placard,T_&_R/Placards/Temporary_Disability_Placard.htm,T_&_R\Placards\Temporary_Disability_Placard.pdf
Abandoned Vehicle Overview,T_&_R/Title_&_Registration/Abandoned_Vehicle_Overview.htm,T_&_R\Title_&_Registration\Abandoned_Vehicle_Overview.pdf
Fuel Types & Alternative Fuel Vehicles,T_&_R/Title_&_Registration/Alternative_Fuel_Vehicle.htm,T_&_R\Title_&_Registration\Alternative_Fuel_Vehicle.pdf
Bonded Title,T_&_R/Title_&_Registration/Bonded_Title.htm,T_&_R\Title_&_Registration\Bonded_Title.pdf
Brand Management,T_&_R/Title_&_Registration/Brand_Management.htm,T_&_R\Title_&_Registration\Brand_Management.pdf
Cancel and Re-Establish Registration,T_&_R/Title_&_Registration/Cancel_ and_Re-establish_Registration.htm,T_&_R\Title_&_Registration\Cancel_ and_Re-establish_Registration.pdf
Cancel and Re-Establish Title,T_&_R/Title_&_Registration/Cancel_ and_Re-establish_Title.htm,T_&_R\Title_&_Registration\Cancel_ and_Re-establish_Title.pdf
Cancel Registration,T_&_R/Title_&_Registration/Cancel_Registration.htm,T_&_R\Title_&_Registration\Cancel_Registration.pdf
Cancel Title,T_&_R/Title_&_Registration/Cancel_Title.htm,T_&_R\Title_&_Registration\Cancel_Title.pdf
Commercial Vehicles,T_&_R/Title_&_Registration/Commercial_Vehicles.htm,T_&_R\Title_&_Registration\Commercial_Vehicles.pdf
Credit Estimate,T_&_R/Title_&_Registration/Credit_Estimate.htm,T_&_R\Title_&_Registration\Credit_Estimate.pdf
DBA (Doing Business As),T_&_R/Title_&_Registration/DBA.htm,T_&_R\Title_&_Registration\DBA.pdf
Dealer Title Transfers,T_&_R/Title_&_Registration/Dealer_Title_Transfers.htm,T_&_R\Title_&_Registration\Dealer_Title_Transfers.pdf
Duplicate Plate,T_&_R/Title_&_Registration/Duplicate_Plate.htm,T_&_R\Title_&_Registration\Duplicate_Plate.pdf
Duplicate Registration,T_&_R/Title_&_Registration/Duplicate_Registration.htm,T_&_R\Title_&_Registration\Duplicate_Registration.pdf
Emissions,T_&_R/Title_&_Registration/Emissions.htm,T_&_R\Title_&_Registration\Emissions.pdf
Export Only,T_&_R/Title_&_Registration/Export_Only.htm,T_&_R\Title_&_Registration\Export_Only.pdf
Factory List Price,T_&_R/Title_&_Registration/Factory_List_Price.htm,T_&_R\Title_&_Registration\Factory_List_Price.pdf
Fee Estimation,T_&_R/Title_&_Registration/Fee_Estimation.htm,T_&_R\Title_&_Registration\Fee_Estimation.pdf
Fee Exemptions,T_&_R/Title_&_Registration/Fee_Exemptions.htm,T_&_R\Title_&_Registration\Fee_Exemptions.pdf
Fees (T and R) Overview,T_&_R/Title_&_Registration/Fees_(T&R)_Overview.htm,T_&_R\Title_&_Registration\Fees_(T&R)_Overview.pdf
Fleet Management,T_&_R/Title_&_Registration/Fleet_Management.htm,T_&_R\Title_&_Registration\Fleet_Management.pdf
Forms Required for T & R,T_&_R/Title_&_Registration/Forms_Required_for_T_&_R.htm,T_&_R\Title_&_Registration\Forms_Required_for_T_&_R.pdf
Government Registration Only (GRO),T_&_R/Title_&_Registration/Government_Registration_Only.htm,T_&_R\Title_&_Registration\Government_Registration_Only.pdf
Grey Market Vehicles,T_&_R/Title_&_Registration/Grey_Market_Vehicles.htm,T_&_R\Title_&_Registration\Grey_Market_Vehicles.pdf
License Plate Overview,T_&_R/Title_&_Registration/License_Plate_Overview.htm,T_&_R\Title_&_Registration\License_Plate_Overview.pdf
Add a Lien,T_&_R/Title_&_Registration/Liens/Add_a_Lien.htm,T_&_R\Title_&_Registration\Liens\Add_a_Lien.pdf
Electronic Lien and Title (ELT),T_&_R/Title_&_Registration/Liens/Electronic_Lien_and_Title_(ELT).htm,T_&_R\Title_&_Registration\Liens\Electronic_Lien_and_Title_(ELT).pdf
Lien Release,T_&_R/Title_&_Registration/Liens/Lien_Release.htm,T_&_R\Title_&_Registration\Liens\Lien_Release.pdf
Operation of Law Liens,T_&_R/Title_&_Registration/Liens/Operations_of_Law_Liens.htm,T_&_R\Title_&_Registration\Liens\Operations_of_Law_Liens.pdf
Manage Liens and Brands,T_&_R/Title_&_Registration/Manage_Liens_and_Brands.htm,T_&_R\Title_&_Registration\Manage_Liens_and_Brands.pdf
Motor Carrier Inquiry,T_&_R/Title_&_Registration/Motor_Carrier_Inquiry.htm,T_&_R\Title_&_Registration\Motor_Carrier_Inquiry.pdf
NMVTIS Responses,T_&_R/Title_&_Registration/NMVTIS_Reponses.htm,T_&_R\Title_&_Registration\NMVTIS_Reponses.pdf
Non-Resident Daily Commuter,T_&_R/Title_&_Registration/NonResident_Daily_Commuter.htm,T_&_R\Title_&_Registration\NonResident_Daily_Commuter.pdf
OHV Education Course,T_&_R/Title_&_Registration/OHV_EducationCourse.htm,T_&_R\Title_&_Registration\OHV_EducationCourse.pdf
Off-Highway Vehicles,T_&_R/Title_&_Registration/OHV_LandingPg.htm,T_&_R\Title_&_Registration\OHV_LandingPg.pdf
Odometer Guidelines,T_&_R/Title_&_Registration/Odometer_Guidelines.htm,T_&_R\Title_&_Registration\Odometer_Guidelines.pdf
Off-Highway Vehicle (OHV) Decal,T_&_R/Title_&_Registration/Off-Highway_Vehicle_Decal_(OHV).htm,T_&_R\Title_&_Registration\Off-Highway_Vehicle_Decal_(OHV).pdf
"Ownership Priority, Role Types, & Legal Statuses",T_&_R/Title_&_Registration/Ownership_Priority_&_Legal_Status.htm,T_&_R\Title_&_Registration\Ownership_Priority_&_Legal_Status.pdf
Plate Order Search,T_&_R/Title_&_Registration/Plate_Order_Search.htm,T_&_R\Title_&_Registration\Plate_Order_Search.pdf
Print Title,T_&_R/Title_&_Registration/Print_Title.htm,T_&_R\Title_&_Registration\Print_Title.pdf
Reconstructed and Specially Constructed Vehicles,T_&_R/Title_&_Registration/Reconstructed_&_Specially_Constructed_Vehicles.htm,T_&_R\Title_&_Registration\Reconstructed_&_Specially_Constructed_Vehicles.pdf
Recreational Vehicles,T_&_R/Title_&_Registration/Recreational_Vehicles.htm,T_&_R\Title_&_Registration\Recreational_Vehicles.pdf
Registration Credit,T_&_R/Title_&_Registration/Registration_Credit.htm,T_&_R\Title_&_Registration\Registration_Credit.pdf
Registration Cycles,T_&_R/Title_&_Registration/Registration_Cycles.htm,T_&_R\Title_&_Registration\Registration_Cycles.pdf
Arizona Registration Only (ARO)/ Special Interstate Registration (SPI),T_&_R/Title_&_Registration/Registration_Only_(ARO).htm,T_&_R\Title_&_Registration\Registration_Only_(ARO).pdf
Renew Registration,T_&_R/Title_&_Registration/Registration_Renewal.htm,T_&_R\Title_&_Registration\Registration_Renewal.pdf
Reinstate Registration,T_&_R/Title_&_Registration/Reinstate_Registration.htm,T_&_R\Title_&_Registration\Reinstate_Registration.pdf
Sold Notice,T_&_R/Title_&_Registration/Sold_Notice.htm,T_&_R\Title_&_Registration\Sold_Notice.pdf
Personalized and Special Plates,T_&_R/Title_&_Registration/Special_Plates.htm,T_&_R\Title_&_Registration\Special_Plates.pdf
Suspend Registration,T_&_R/Title_&_Registration/Suspend_Registration.htm,T_&_R\Title_&_Registration\Suspend_Registration.pdf
T and R Corrections,T_&_R/Title_&_Registration/T_&_R_Corrections.htm,T_&_R\Title_&_Registration\T_&_R_Corrections.pdf
Title and Reg Recreate,T_&_R/Title_&_Registration/T_&_R_Recreate.htm,T_&_R\Title_&_Registration\T_&_R_Recreate.pdf
T and R Scenarios,T_&_R/Title_&_Registration/T_&_R_Scenarios.htm,T_&_R\Title_&_Registration\T_&_R_Scenarios.pdf
Tab Replacement,T_&_R/Title_&_Registration/Tab_Replacement.htm,T_&_R\Title_&_Registration\Tab_Replacement.pdf
Title and Registration,T_&_R/Title_&_Registration/Title_&_Registration.htm,T_&_R\Title_&_Registration\Title_&_Registration.pdf
Title Document Overview,T_&_R/Title_&_Registration/Title_Document_Overview.htm,T_&_R\Title_&_Registration\Title_Document_Overview.pdf
Title Only,T_&_R/Title_&_Registration/Title_Only.htm,T_&_R\Title_&_Registration\Title_Only.pdf
Titles With Court Orders,T_&_R/Title_&_Registration/Titles_With_Court_Orders.htm,T_&_R\Title_&_Registration\Titles_With_Court_Orders.pdf
Titles Without Court Orders,T_&_R/Title_&_Registration/Titles_Without_Court_Orders.htm,T_&_R\Title_&_Registration\Titles_Without_Court_Orders.pdf
Homemade Trailers,T_&_R/Title_&_Registration/Trailers/Homemade_Trailers.htm,T_&_R\Title_&_Registration\Trailers\Homemade_Trailers.pdf
Non-Commercial and Commercial Trailers,T_&_R/Title_&_Registration/Trailers/Noncommercial_and_Commercial_Trailers.htm,T_&_R\Title_&_Registration\Trailers\Noncommercial_and_Commercial_Trailers.pdf
Trailer Identification,T_&_R/Title_&_Registration/Trailers/Trailer_Identification.htm,T_&_R\Title_&_Registration\Trailers\Trailer_Identification.pdf
Travel and Tent Trailers,T_&_R/Title_&_Registration/Trailers/Travel_&_Tent_Trailers.htm,T_&_R\Title_&_Registration\Trailers\Travel_&_Tent_Trailers.pdf
Transfer Plate,T_&_R/Title_&_Registration/Transfer_Plate.htm,T_&_R\Title_&_Registration\Transfer_Plate.pdf
Unique Vehicle Guide,T_&_R/Title_&_Registration/Unique_Vehicle_Guide.htm,T_&_R\Title_&_Registration\Unique_Vehicle_Guide.pdf
Update Registration,T_&_R/Title_&_Registration/Update_Registration.htm,T_&_R\Title_&_Registration\Update_Registration.pdf
Vehicle Domicile Address,T_&_R/Title_&_Registration/Vehicle_Domicile.htm,T_&_R\Title_&_Registration\Vehicle_Domicile.pdf
Vehicle MVR,T_&_R/Title_&_Registration/Vehicle_MVR.htm,T_&_R\Title_&_Registration\Vehicle_MVR.pdf
Verifying Customer's Identity,T_&_R/Title_&_Registration/Verifying_Customer's_Identity for T&R Transactions.htm,T_&_R\Title_&_Registration\Verifying_Customer's_Identity for T&R Transactions.pdf
Watch Your Car,T_&_R/Title_&_Registration/Watch_Your_Car.htm,T_&_R\Title_&_Registration\Watch_Your_Car.pdf
Level I Inspection Reference Manual,T_&_R/Vehicle_Inspections/Level_I_Inspection_Reference_Manual.htm,T_&_R\Vehicle_Inspections\Level_I_Inspection_Reference_Manual.pdf
Level I Basic and Abandoned Vehicle Inspection Training,T_&_R/Vehicle_Inspections/Level_I_Inspection_Training_Manual.htm,T_&_R\Vehicle_Inspections\Level_I_Inspection_Training_Manual.pdf
Vehicle Inspections,T_&_R/Vehicle_Inspections/Vehicle_Inspections.htm,T_&_R\Vehicle_Inspections\Vehicle_Inspections.pdf
Add Homemade Vehicle (including Special Construction or Reconstruction),T_&_R/Vehicle_Management/Add_Homemade_Vehicle_(including Speccon_or Recon).htm,T_&_R\Vehicle_Management\Add_Homemade_Vehicle_(including Speccon_or Recon).pdf
Add a Vehicle,T_&_R/Vehicle_Management/Add_a_Vehicle.htm,T_&_R\Vehicle_Management\Add_a_Vehicle.pdf
Assign State VIN,T_&_R/Vehicle_Management/Assign_State_VIN.htm,T_&_R\Vehicle_Management\Assign_State_VIN.pdf
Edit a Vehicle,T_&_R/Vehicle_Management/Edit_a_Vehicle.htm,T_&_R\Vehicle_Management\Edit_a_Vehicle.pdf
NCIC Code Manual,T_&_R/Vehicle_Management/NCIC_Code_Manual.htm,T_&_R\Vehicle_Management\NCIC_Code_Manual.pdf
Searching for a Vehicle,T_&_R/Vehicle_Management/Search_for_Vehicle.htm,T_&_R\Vehicle_Management\Search_for_Vehicle.pdf
Vehicle Information Page Overview,T_&_R/Vehicle_Management/Vehicle_Information_Page.htm,T_&_R\Vehicle_Management\Vehicle_Information_Page.pdf
What Service to Use When,What_Service_to_Use_When.htm,What_Service_to_Use_When.pdf
